"id","customer","customer_ref_no","branch","booked_by","account_rep","sales_rep","customer_po_no","commodity","equipment","load_type","temperature","origin_location","destination_location","hot","team","air_ride","tarp","hazmat","currency","base_price","charges","discounts","gst","pst","hst","qst","final_price","notes","created_at","updated_at"
"1",NULL,NULL,NULL,NULL,NULL,NULL,NULL,NULL,NULL,NULL,NULL,NULL,NULL,"0","0","0","0","0",NULL,NULL,NULL,NULL,NULL,NULL,NULL,NULL,NULL,NULL,"2024-12-26 02:29:48","2024-12-26 02:29:48"
"2","John Doe","JD1234","Branch 1","Agent A","Rep 1","Rep 2","PO-789","Electronics","Van","Full Load","Ambient","""[\""City A\"",\""Address 1\""]""","""[\""City B\"",\""Address 2\""]""","0","1","1","0","0","USD","1500.00","""[{\""name\"":\""Service Fee\"",\""amount\"":100}]""","[{""name"":""Seasonal Discount"",""amount"":50}]","75.00","50.00","25.00","30.00","1675.00","Handle with care.","2024-12-26 02:34:00","2024-12-26 02:34:00"
"3",NULL,NULL,NULL,NULL,NULL,NULL,NULL,NULL,NULL,NULL,NULL,NULL,NULL,"0","0","0","0","0",NULL,NULL,NULL,NULL,NULL,NULL,NULL,NULL,NULL,NULL,"2024-12-26 02:36:20","2024-12-26 02:36:20"
"4",NULL,NULL,NULL,NULL,NULL,NULL,NULL,NULL,NULL,NULL,NULL,NULL,NULL,"0","0","0","0","0",NULL,NULL,NULL,NULL,NULL,NULL,NULL,NULL,NULL,NULL,"2024-12-26 02:36:30","2024-12-26 02:36:30"
"5",NULL,NULL,NULL,NULL,NULL,NULL,NULL,NULL,NULL,NULL,NULL,NULL,NULL,"0","0","0","0","0",NULL,NULL,NULL,NULL,NULL,NULL,NULL,NULL,NULL,NULL,"2024-12-26 02:40:36","2024-12-26 02:40:36"
"6","Customer 1","CR0001","Branch 3","Michael Jordan","Kevin Durant","Tim Duncan","PO-0001","Toys","Box Truck","Full Load","Frozen","[""City 6, State 19"",""290 Random St""]","[""City 82, State 67"",""1913 Random Blvd""]","0","1","0","0","0","USD","4372.70","[{""name"":""Fuel Surcharge"",""amount"":38.8140097747781}]","[{""name"":""Holiday Discount"",""amount"":117.28123456282191}]","90.00","60.00","80.00","55.00","4259.18","Handle with care.",NULL,NULL
"7","Customer 2","CR0002","Branch 8","Dennis Rodman","LeBron James","Kobe Bryant","PO-0002","Furniture","Refrigerated Truck","Full Load","Ambient","[""City 47, State 14"",""570 Random St""]","[""City 71, State 80"",""1730 Random Blvd""]","1","0","1","0","0","USD","3557.93","[{""name"":""Fuel Surcharge"",""amount"":66.73954090265553}]","[{""name"":""Holiday Discount"",""amount"":76.90279981830282}]","90.00","60.00","80.00","55.00","3499.47","Fragile items.",NULL,NULL
"8","Customer 3","CR0003","Branch 2","Dennis Rodman","LeBron James","Tim Duncan","PO-0003","Electronics","Flatbed","Full Load","Frozen","[""City 29, State 13"",""662 Random St""]","[""City 73, State 77"",""1284 Random Blvd""]","0","1","0","1","0","USD","1520.01","[{""name"":""Fuel Surcharge"",""amount"":97.08433928571132}]","[{""name"":""Holiday Discount"",""amount"":134.46512907885682}]","90.00","60.00","80.00","55.00","1381.07","Handle with care.",NULL,NULL
"9","Customer 4","CR0004","Branch 5","Michael Jordan","Kevin Durant","Tim Duncan","PO-0004","Toys","Box Truck","Full Load","Chilled","[""City 11, State 7"",""140 Random St""]","[""City 94, State 51"",""1682 Random Blvd""]","0","1","1","1","0","USD","4874.38","[{""name"":""Fuel Surcharge"",""amount"":67.40764945387545}]","[{""name"":""Holiday Discount"",""amount"":142.68078098913287}]","90.00","60.00","80.00","55.00","4758.24","Handle with care.",NULL,NULL
"10","Customer 5","CR0005","Branch 1","Dennis Rodman","Kevin Durant","Tim Duncan","PO-0005","Furniture","Refrigerated Truck","Full Load","Frozen","[""City 43, State 18"",""807 Random St""]","[""City 95, State 72"",""1796 Random Blvd""]","0","0","1","1","0","USD","4826.64","[{""name"":""Fuel Surcharge"",""amount"":87.70547491197216}]","[{""name"":""Holiday Discount"",""amount"":74.06447456983932}]","90.00","60.00","80.00","55.00","4643.54","Handle with care.",NULL,NULL
"11","Customer 6","CR0006","Branch 5","Scottie Pippen","Stephen Curry","Shaquille O'Neal","PO-0006","Furniture","Refrigerated Truck","Full Load","Chilled","[""City 5, State 41"",""928 Random St""]","[""City 97, State 63"",""1670 Random Blvd""]","1","1","1","1","0","USD","4239.52","[{""name"":""Fuel Surcharge"",""amount"":75.44853934589528}]","[{""name"":""Holiday Discount"",""amount"":134.15425022768113}]","90.00","60.00","80.00","55.00","4063.67","Fragile items.",NULL,NULL
"12","Customer 7","CR0007","Branch 4","Scottie Pippen","LeBron James","Shaquille O'Neal","PO-0007","Furniture","Box Truck","Full Load","Chilled","[""City 44, State 14"",""813 Random St""]","[""City 92, State 96"",""1453 Random Blvd""]","0","1","0","1","0","USD","1372.69","[{""name"":""Fuel Surcharge"",""amount"":57.216678654685005}]","[{""name"":""Holiday Discount"",""amount"":56.947921525596044}]","90.00","60.00","80.00","55.00","1306.31","Handle with care.",NULL,NULL
"13","Customer 8","CR0008","Branch 7","Dennis Rodman","LeBron James","Tim Duncan","PO-0008","Groceries","Flatbed","Partial Load","Chilled","[""City 17, State 36"",""866 Random St""]","[""City 63, State 88"",""1020 Random Blvd""]","0","1","1","1","0","USD","4299.78","[{""name"":""Fuel Surcharge"",""amount"":86.70482486103978}]","[{""name"":""Holiday Discount"",""amount"":93.28890449611498}]","90.00","60.00","80.00","55.00","4156.80","Deliver ASAP.",NULL,NULL
"14","Customer 9","CR0009","Branch 10","Michael Jordan","Kevin Durant","Tim Duncan","PO-0009","Toys","Box Truck","Partial Load","Ambient","[""City 19, State 11"",""539 Random St""]","[""City 97, State 84"",""1883 Random Blvd""]","1","1","1","0","1","USD","1094.45","[{""name"":""Fuel Surcharge"",""amount"":74.1099158769119}]","[{""name"":""Holiday Discount"",""amount"":82.49850032147147}]","90.00","60.00","80.00","55.00","1042.26","Fragile items.",NULL,NULL
"15","Customer 10","CR0010","Branch 1","Dennis Rodman","LeBron James","Shaquille O'Neal","PO-0010","Electronics","Flatbed","Full Load","Chilled","[""City 49, State 31"",""684 Random St""]","[""City 64, State 81"",""1058 Random Blvd""]","0","1","1","1","1","USD","1979.92","[{""name"":""Fuel Surcharge"",""amount"":63.575608741722675}]","[{""name"":""Holiday Discount"",""amount"":69.88670795719099}]","90.00","60.00","80.00","55.00","1840.23","Fragile items.",NULL,NULL
"16","Customer 11","CR0011","Branch 2","Scottie Pippen","Kevin Durant","Shaquille O'Neal","PO-0011","Furniture","Refrigerated Truck","Full Load","Chilled","[""City 42, State 39"",""637 Random St""]","[""City 51, State 57"",""1722 Random Blvd""]","1","1","1","0","0","USD","1266.89","[{""name"":""Fuel Surcharge"",""amount"":66.82902924381062}]","[{""name"":""Holiday Discount"",""amount"":55.27405543057464}]","90.00","60.00","80.00","55.00","1138.37","Fragile items.",NULL,NULL
"17","Customer 12","CR0012","Branch 10","Scottie Pippen","Kevin Durant","Kobe Bryant","PO-0012","Groceries","Flatbed","Full Load","Frozen","[""City 30, State 45"",""416 Random St""]","[""City 57, State 55"",""1169 Random Blvd""]","0","0","0","0","0","USD","4247.65","[{""name"":""Fuel Surcharge"",""amount"":35.17612617209018}]","[{""name"":""Holiday Discount"",""amount"":70.95837889482468}]","90.00","60.00","80.00","55.00","4143.77","Deliver ASAP.",NULL,NULL
"18","Customer 13","CR0013","Branch 5","Dennis Rodman","Kevin Durant","Shaquille O'Neal","PO-0013","Electronics","Refrigerated Truck","Partial Load","Ambient","[""City 42, State 13"",""336 Random St""]","[""City 89, State 76"",""1081 Random Blvd""]","1","0","0","0","0","USD","2328.99","[{""name"":""Fuel Surcharge"",""amount"":33.11684310532721}]","[{""name"":""Holiday Discount"",""amount"":84.51468683769323}]","90.00","60.00","80.00","55.00","2142.46","Handle with care.",NULL,NULL
"19","Customer 14","CR0014","Branch 3","Michael Jordan","Stephen Curry","Tim Duncan","PO-0014","Furniture","Box Truck","Full Load","Chilled","[""City 30, State 12"",""301 Random St""]","[""City 68, State 92"",""1905 Random Blvd""]","1","1","1","1","1","USD","3556.54","[{""name"":""Fuel Surcharge"",""amount"":40.73071246018834}]","[{""name"":""Holiday Discount"",""amount"":91.40228636167012}]","90.00","60.00","80.00","55.00","3421.57","Deliver ASAP.",NULL,NULL
"20","Customer 15","CR0015","Branch 3","Scottie Pippen","Stephen Curry","Tim Duncan","PO-0015","Toys","Refrigerated Truck","Partial Load","Frozen","[""City 2, State 12"",""634 Random St""]","[""City 51, State 98"",""1901 Random Blvd""]","1","1","1","0","0","USD","3511.25","[{""name"":""Fuel Surcharge"",""amount"":58.885856036868134}]","[{""name"":""Holiday Discount"",""amount"":148.88304199065738}]","90.00","60.00","80.00","55.00","3397.74","Deliver ASAP.",NULL,NULL
"21","Customer 16","CR0016","Branch 9","Scottie Pippen","Kevin Durant","Tim Duncan","PO-0016","Electronics","Flatbed","Full Load","Ambient","[""City 13, State 41"",""176 Random St""]","[""City 92, State 78"",""1032 Random Blvd""]","0","1","1","0","0","USD","2304.77","[{""name"":""Fuel Surcharge"",""amount"":83.62520521754152}]","[{""name"":""Holiday Discount"",""amount"":87.95132805372766}]","90.00","60.00","80.00","55.00","2189.89","Handle with care.",NULL,NULL
"22","Customer 17","CR0017","Branch 5","Michael Jordan","LeBron James","Shaquille O'Neal","PO-0017","Furniture","Flatbed","Full Load","Frozen","[""City 48, State 19"",""281 Random St""]","[""City 56, State 73"",""1883 Random Blvd""]","1","1","0","0","0","USD","3564.34","[{""name"":""Fuel Surcharge"",""amount"":67.37734214322222}]","[{""name"":""Holiday Discount"",""amount"":86.34812319830121}]","90.00","60.00","80.00","55.00","3421.36","Deliver ASAP.",NULL,NULL
"23","Customer 18","CR0018","Branch 3","Dennis Rodman","Stephen Curry","Kobe Bryant","PO-0018","Furniture","Flatbed","Partial Load","Chilled","[""City 41, State 3"",""729 Random St""]","[""City 54, State 62"",""1847 Random Blvd""]","1","1","1","0","0","USD","3689.00","[{""name"":""Fuel Surcharge"",""amount"":77.13902071978089}]","[{""name"":""Holiday Discount"",""amount"":58.16918575224028}]","90.00","60.00","80.00","55.00","3556.37","Deliver ASAP.",NULL,NULL
"24","Customer 19","CR0019","Branch 10","Dennis Rodman","Kevin Durant","Shaquille O'Neal","PO-0019","Electronics","Refrigerated Truck","Partial Load","Frozen","[""City 47, State 13"",""279 Random St""]","[""City 76, State 87"",""1566 Random Blvd""]","1","1","0","0","0","USD","1857.89","[{""name"":""Fuel Surcharge"",""amount"":57.60888435966022}]","[{""name"":""Holiday Discount"",""amount"":144.5057016614776}]","90.00","60.00","80.00","55.00","1684.31","Deliver ASAP.",NULL,NULL
"25","Customer 20","CR0020","Branch 5","Scottie Pippen","Kevin Durant","Shaquille O'Neal","PO-0020","Groceries","Box Truck","Full Load","Chilled","[""City 12, State 47"",""828 Random St""]","[""City 73, State 86"",""1117 Random Blvd""]","0","0","1","1","1","USD","2093.47","[{""name"":""Fuel Surcharge"",""amount"":88.12831555763654}]","[{""name"":""Holiday Discount"",""amount"":90.17267745984893}]","90.00","60.00","80.00","55.00","2011.38","Deliver ASAP.",NULL,NULL
"26","Customer 21","CR0021","Branch 10","Michael Jordan","Kevin Durant","Kobe Bryant","PO-0021","Furniture","Box Truck","Full Load","Ambient","[""City 26, State 15"",""451 Random St""]","[""City 94, State 98"",""1400 Random Blvd""]","1","0","1","1","0","USD","3966.73","[{""name"":""Fuel Surcharge"",""amount"":47.688299954045306}]","[{""name"":""Holiday Discount"",""amount"":59.15665994150626}]","90.00","60.00","80.00","55.00","3859.40","Deliver ASAP.",NULL,NULL
"27","Customer 22","CR0022","Branch 10","Dennis Rodman","LeBron James","Tim Duncan","PO-0022","Furniture","Flatbed","Full Load","Ambient","[""City 20, State 36"",""533 Random St""]","[""City 63, State 58"",""1469 Random Blvd""]","1","0","0","1","0","USD","3138.57","[{""name"":""Fuel Surcharge"",""amount"":98.36259040485002}]","[{""name"":""Holiday Discount"",""amount"":108.09405631934814}]","90.00","60.00","80.00","55.00","3034.54","Fragile items.",NULL,NULL
"28","Customer 23","CR0023","Branch 2","Scottie Pippen","LeBron James","Kobe Bryant","PO-0023","Electronics","Flatbed","Partial Load","Chilled","[""City 47, State 34"",""811 Random St""]","[""City 73, State 83"",""1699 Random Blvd""]","1","0","0","0","1","USD","3889.15","[{""name"":""Fuel Surcharge"",""amount"":32.984929809154025}]","[{""name"":""Holiday Discount"",""amount"":122.09722314821481}]","90.00","60.00","80.00","55.00","3692.54","Deliver ASAP.",NULL,NULL
"29","Customer 24","CR0024","Branch 5","Michael Jordan","Kevin Durant","Tim Duncan","PO-0024","Toys","Flatbed","Full Load","Frozen","[""City 49, State 17"",""656 Random St""]","[""City 61, State 56"",""1021 Random Blvd""]","0","1","0","1","1","USD","4719.55","[{""name"":""Fuel Surcharge"",""amount"":92.51513174295675}]","[{""name"":""Holiday Discount"",""amount"":139.51818176080133}]","90.00","60.00","80.00","55.00","4668.35","Deliver ASAP.",NULL,NULL
"30","Customer 25","CR0025","Branch 9","Michael Jordan","LeBron James","Shaquille O'Neal","PO-0025","Electronics","Flatbed","Partial Load","Ambient","[""City 3, State 19"",""848 Random St""]","[""City 81, State 100"",""1305 Random Blvd""]","0","0","1","1","0","USD","2093.95","[{""name"":""Fuel Surcharge"",""amount"":52.811674800368394}]","[{""name"":""Holiday Discount"",""amount"":138.02473500905631}]","90.00","60.00","80.00","55.00","2027.88","Handle with care.",NULL,NULL
"31","Customer 26","CR0026","Branch 6","Dennis Rodman","Stephen Curry","Tim Duncan","PO-0026","Groceries","Flatbed","Full Load","Ambient","[""City 13, State 48"",""307 Random St""]","[""City 67, State 83"",""1215 Random Blvd""]","0","0","1","1","0","USD","2799.96","[{""name"":""Fuel Surcharge"",""amount"":74.61749071290993}]","[{""name"":""Holiday Discount"",""amount"":113.40013539448744}]","90.00","60.00","80.00","55.00","2626.88","Deliver ASAP.",NULL,NULL
"32","Customer 27","CR0027","Branch 5","Dennis Rodman","LeBron James","Shaquille O'Neal","PO-0027","Furniture","Box Truck","Partial Load","Chilled","[""City 26, State 6"",""428 Random St""]","[""City 76, State 64"",""1568 Random Blvd""]","1","1","1","0","1","USD","4842.68","[{""name"":""Fuel Surcharge"",""amount"":44.85811547536811}]","[{""name"":""Holiday Discount"",""amount"":95.35637225490967}]","90.00","60.00","80.00","55.00","4775.39","Handle with care.",NULL,NULL
"33","Customer 28","CR0028","Branch 1","Michael Jordan","LeBron James","Kobe Bryant","PO-0028","Electronics","Box Truck","Partial Load","Frozen","[""City 39, State 28"",""553 Random St""]","[""City 52, State 58"",""1044 Random Blvd""]","1","1","0","1","0","USD","2015.73","[{""name"":""Fuel Surcharge"",""amount"":91.68959092029527}]","[{""name"":""Holiday Discount"",""amount"":103.8943267418999}]","90.00","60.00","80.00","55.00","1955.30","Deliver ASAP.",NULL,NULL
"34","Customer 29","CR0029","Branch 3","Michael Jordan","Stephen Curry","Shaquille O'Neal","PO-0029","Furniture","Flatbed","Partial Load","Frozen","[""City 32, State 14"",""483 Random St""]","[""City 55, State 96"",""1435 Random Blvd""]","0","0","1","0","1","USD","1909.87","[{""name"":""Fuel Surcharge"",""amount"":67.75003540493601}]","[{""name"":""Holiday Discount"",""amount"":138.75376508953724}]","90.00","60.00","80.00","55.00","1782.83","Handle with care.",NULL,NULL
"35","Customer 30","CR0030","Branch 6","Michael Jordan","LeBron James","Shaquille O'Neal","PO-0030","Furniture","Box Truck","Full Load","Ambient","[""City 48, State 2"",""500 Random St""]","[""City 85, State 97"",""1210 Random Blvd""]","0","0","1","0","1","USD","3363.64","[{""name"":""Fuel Surcharge"",""amount"":78.27949581921237}]","[{""name"":""Holiday Discount"",""amount"":107.94853663512683}]","90.00","60.00","80.00","55.00","3272.14","Deliver ASAP.",NULL,NULL
"36","Customer 31","CR0031","Branch 8","Scottie Pippen","Kevin Durant","Kobe Bryant","PO-0031","Toys","Refrigerated Truck","Partial Load","Chilled","[""City 16, State 31"",""597 Random St""]","[""City 53, State 78"",""1720 Random Blvd""]","1","1","0","0","0","USD","4193.34","[{""name"":""Fuel Surcharge"",""amount"":76.30498349648697}]","[{""name"":""Holiday Discount"",""amount"":138.85945146691444}]","90.00","60.00","80.00","55.00","4051.86","Fragile items.",NULL,NULL
"37","Customer 32","CR0032","Branch 8","Michael Jordan","Stephen Curry","Kobe Bryant","PO-0032","Groceries","Box Truck","Full Load","Ambient","[""City 11, State 24"",""488 Random St""]","[""City 57, State 82"",""1507 Random Blvd""]","1","0","1","0","0","USD","3079.28","[{""name"":""Fuel Surcharge"",""amount"":55.32374050636625}]","[{""name"":""Holiday Discount"",""amount"":108.06862008688731}]","90.00","60.00","80.00","55.00","2954.62","Fragile items.",NULL,NULL
"38","Customer 33","CR0033","Branch 1","Scottie Pippen","LeBron James","Shaquille O'Neal","PO-0033","Furniture","Box Truck","Full Load","Ambient","[""City 38, State 41"",""891 Random St""]","[""City 97, State 92"",""1831 Random Blvd""]","1","1","0","1","1","USD","3116.32","[{""name"":""Fuel Surcharge"",""amount"":41.69157440921174}]","[{""name"":""Holiday Discount"",""amount"":76.88655985975826}]","90.00","60.00","80.00","55.00","2987.99","Handle with care.",NULL,NULL
"39","Customer 34","CR0034","Branch 5","Dennis Rodman","Stephen Curry","Shaquille O'Neal","PO-0034","Toys","Refrigerated Truck","Partial Load","Chilled","[""City 27, State 41"",""424 Random St""]","[""City 69, State 99"",""1135 Random Blvd""]","0","1","0","1","1","USD","1924.94","[{""name"":""Fuel Surcharge"",""amount"":70.9754414525146}]","[{""name"":""Holiday Discount"",""amount"":56.47919982483043}]","90.00","60.00","80.00","55.00","1812.76","Fragile items.",NULL,NULL
"40","Customer 35","CR0035","Branch 5","Dennis Rodman","Stephen Curry","Kobe Bryant","PO-0035","Electronics","Flatbed","Partial Load","Ambient","[""City 21, State 14"",""984 Random St""]","[""City 100, State 61"",""1557 Random Blvd""]","1","0","0","0","0","USD","4898.28","[{""name"":""Fuel Surcharge"",""amount"":45.1571356818043}]","[{""name"":""Holiday Discount"",""amount"":122.37031111149942}]","90.00","60.00","80.00","55.00","4777.33","Deliver ASAP.",NULL,NULL
"41","Customer 36","CR0036","Branch 4","Dennis Rodman","Kevin Durant","Shaquille O'Neal","PO-0036","Furniture","Box Truck","Full Load","Frozen","[""City 47, State 48"",""295 Random St""]","[""City 58, State 68"",""1056 Random Blvd""]","1","1","0","1","1","USD","2804.29","[{""name"":""Fuel Surcharge"",""amount"":57.92751608590936}]","[{""name"":""Holiday Discount"",""amount"":98.13769989734647}]","90.00","60.00","80.00","55.00","2694.05","Fragile items.",NULL,NULL
"42","Customer 37","CR0037","Branch 4","Michael Jordan","Stephen Curry","Tim Duncan","PO-0037","Toys","Flatbed","Full Load","Chilled","[""City 27, State 50"",""442 Random St""]","[""City 78, State 52"",""1585 Random Blvd""]","0","1","0","1","0","USD","1221.77","[{""name"":""Fuel Surcharge"",""amount"":71.81029122746813}]","[{""name"":""Holiday Discount"",""amount"":72.64081240014633}]","90.00","60.00","80.00","55.00","1078.88","Deliver ASAP.",NULL,NULL
"43","Customer 38","CR0038","Branch 1","Dennis Rodman","LeBron James","Kobe Bryant","PO-0038","Toys","Flatbed","Full Load","Frozen","[""City 2, State 21"",""225 Random St""]","[""City 85, State 86"",""1229 Random Blvd""]","0","0","1","0","0","USD","3306.19","[{""name"":""Fuel Surcharge"",""amount"":37.36021357010249}]","[{""name"":""Holiday Discount"",""amount"":148.24844402701262}]","90.00","60.00","80.00","55.00","3112.09","Fragile items.",NULL,NULL
"44","Customer 39","CR0039","Branch 4","Scottie Pippen","Kevin Durant","Shaquille O'Neal","PO-0039","Furniture","Flatbed","Full Load","Ambient","[""City 46, State 45"",""389 Random St""]","[""City 64, State 75"",""1181 Random Blvd""]","1","0","1","0","1","USD","1309.02","[{""name"":""Fuel Surcharge"",""amount"":36.03964241557277}]","[{""name"":""Holiday Discount"",""amount"":100.60219549946302}]","90.00","60.00","80.00","55.00","1192.23","Deliver ASAP.",NULL,NULL
"45","Customer 40","CR0040","Branch 2","Scottie Pippen","LeBron James","Shaquille O'Neal","PO-0040","Electronics","Refrigerated Truck","Partial Load","Frozen","[""City 42, State 42"",""451 Random St""]","[""City 87, State 63"",""1905 Random Blvd""]","0","0","0","0","1","USD","1325.80","[{""name"":""Fuel Surcharge"",""amount"":41.64500056973221}]","[{""name"":""Holiday Discount"",""amount"":68.90376523444654}]","90.00","60.00","80.00","55.00","1238.96","Deliver ASAP.",NULL,NULL
"46","Customer 41","CR0041","Branch 3","Michael Jordan","Stephen Curry","Shaquille O'Neal","PO-0041","Groceries","Flatbed","Partial Load","Ambient","[""City 21, State 1"",""437 Random St""]","[""City 78, State 76"",""1365 Random Blvd""]","1","0","0","1","1","USD","4910.73","[{""name"":""Fuel Surcharge"",""amount"":53.44859612718567}]","[{""name"":""Holiday Discount"",""amount"":88.07350757284895}]","90.00","60.00","80.00","55.00","4782.11","Handle with care.",NULL,NULL
"47","Customer 42","CR0042","Branch 7","Scottie Pippen","Kevin Durant","Kobe Bryant","PO-0042","Groceries","Flatbed","Full Load","Ambient","[""City 27, State 21"",""914 Random St""]","[""City 69, State 56"",""1608 Random Blvd""]","0","1","0","0","1","USD","3210.59","[{""name"":""Fuel Surcharge"",""amount"":56.274859761714914}]","[{""name"":""Holiday Discount"",""amount"":79.71982860382805}]","90.00","60.00","80.00","55.00","3126.53","Fragile items.",NULL,NULL
"48","Customer 43","CR0043","Branch 5","Scottie Pippen","LeBron James","Tim Duncan","PO-0043","Electronics","Flatbed","Partial Load","Frozen","[""City 39, State 11"",""981 Random St""]","[""City 99, State 65"",""1437 Random Blvd""]","1","1","0","0","1","USD","4745.40","[{""name"":""Fuel Surcharge"",""amount"":73.61790682980333}]","[{""name"":""Holiday Discount"",""amount"":57.92577151453525}]","90.00","60.00","80.00","55.00","4625.11","Fragile items.",NULL,NULL
"49","Customer 44","CR0044","Branch 4","Scottie Pippen","LeBron James","Tim Duncan","PO-0044","Groceries","Flatbed","Partial Load","Ambient","[""City 14, State 1"",""199 Random St""]","[""City 67, State 82"",""1351 Random Blvd""]","1","1","0","1","1","USD","2417.34","[{""name"":""Fuel Surcharge"",""amount"":34.91004387744746}]","[{""name"":""Holiday Discount"",""amount"":52.13285470300411}]","90.00","60.00","80.00","55.00","2238.45","Fragile items.",NULL,NULL
"50","Customer 45","CR0045","Branch 2","Scottie Pippen","Stephen Curry","Tim Duncan","PO-0045","Electronics","Flatbed","Full Load","Chilled","[""City 39, State 16"",""424 Random St""]","[""City 58, State 64"",""1962 Random Blvd""]","0","0","0","1","1","USD","4290.25","[{""name"":""Fuel Surcharge"",""amount"":48.552924735314605}]","[{""name"":""Holiday Discount"",""amount"":60.39761316017716}]","90.00","60.00","80.00","55.00","4137.93","Fragile items.",NULL,NULL
"51","Customer 46","CR0046","Branch 7","Michael Jordan","Stephen Curry","Tim Duncan","PO-0046","Furniture","Flatbed","Full Load","Frozen","[""City 35, State 8"",""765 Random St""]","[""City 70, State 82"",""1713 Random Blvd""]","0","1","1","0","1","USD","1265.86","[{""name"":""Fuel Surcharge"",""amount"":99.86339727264705}]","[{""name"":""Holiday Discount"",""amount"":76.02050435394472}]","90.00","60.00","80.00","55.00","1104.78","Handle with care.",NULL,NULL
"52","Customer 47","CR0047","Branch 2","Scottie Pippen","LeBron James","Tim Duncan","PO-0047","Groceries","Refrigerated Truck","Partial Load","Ambient","[""City 27, State 6"",""464 Random St""]","[""City 79, State 97"",""1309 Random Blvd""]","1","1","0","0","0","USD","3270.36","[{""name"":""Fuel Surcharge"",""amount"":97.33871628907579}]","[{""name"":""Holiday Discount"",""amount"":93.53157841560534}]","90.00","60.00","80.00","55.00","3082.21","Fragile items.",NULL,NULL
"53","Customer 48","CR0048","Branch 1","Michael Jordan","LeBron James","Shaquille O'Neal","PO-0048","Furniture","Refrigerated Truck","Full Load","Ambient","[""City 22, State 13"",""608 Random St""]","[""City 97, State 76"",""1179 Random Blvd""]","1","1","0","0","0","USD","3435.42","[{""name"":""Fuel Surcharge"",""amount"":33.28195712909378}]","[{""name"":""Holiday Discount"",""amount"":142.69296406365316}]","90.00","60.00","80.00","55.00","3358.49","Deliver ASAP.",NULL,NULL
"54","Customer 49","CR0049","Branch 9","Michael Jordan","Kevin Durant","Kobe Bryant","PO-0049","Furniture","Refrigerated Truck","Full Load","Frozen","[""City 34, State 23"",""187 Random St""]","[""City 62, State 84"",""1907 Random Blvd""]","1","1","1","1","0","USD","4013.69","[{""name"":""Fuel Surcharge"",""amount"":33.31735661584688}]","[{""name"":""Holiday Discount"",""amount"":81.59371060435467}]","90.00","60.00","80.00","55.00","3953.88","Deliver ASAP.",NULL,NULL
"55","Customer 50","CR0050","Branch 7","Michael Jordan","LeBron James","Tim Duncan","PO-0050","Furniture","Refrigerated Truck","Full Load","Frozen","[""City 3, State 41"",""955 Random St""]","[""City 80, State 91"",""1975 Random Blvd""]","1","0","0","1","0","USD","2705.21","[{""name"":""Fuel Surcharge"",""amount"":50.97582652195447}]","[{""name"":""Holiday Discount"",""amount"":82.36183710793108}]","90.00","60.00","80.00","55.00","2650.67","Handle with care.",NULL,NULL
"56","Customer 51","CR0051","Branch 6","Dennis Rodman","LeBron James","Kobe Bryant","PO-0051","Furniture","Box Truck","Full Load","Ambient","[""City 26, State 48"",""623 Random St""]","[""City 55, State 87"",""1864 Random Blvd""]","1","0","0","0","1","USD","4270.04","[{""name"":""Fuel Surcharge"",""amount"":46.70699467864506}]","[{""name"":""Holiday Discount"",""amount"":137.12223557887683}]","90.00","60.00","80.00","55.00","4085.37","Handle with care.",NULL,NULL
"57","Customer 52","CR0052","Branch 4","Michael Jordan","Kevin Durant","Shaquille O'Neal","PO-0052","Furniture","Box Truck","Partial Load","Ambient","[""City 26, State 38"",""184 Random St""]","[""City 92, State 59"",""1860 Random Blvd""]","1","0","1","1","1","USD","3875.19","[{""name"":""Fuel Surcharge"",""amount"":60.33899132405085}]","[{""name"":""Holiday Discount"",""amount"":124.97532567257026}]","90.00","60.00","80.00","55.00","3785.23","Deliver ASAP.",NULL,NULL
"58","Customer 53","CR0053","Branch 3","Dennis Rodman","LeBron James","Tim Duncan","PO-0053","Toys","Refrigerated Truck","Partial Load","Ambient","[""City 7, State 40"",""789 Random St""]","[""City 82, State 84"",""1058 Random Blvd""]","0","1","0","1","0","USD","3103.83","[{""name"":""Fuel Surcharge"",""amount"":71.77459050819286}]","[{""name"":""Holiday Discount"",""amount"":79.88443921463153}]","90.00","60.00","80.00","55.00","3019.66","Deliver ASAP.",NULL,NULL
"59","Customer 54","CR0054","Branch 3","Dennis Rodman","LeBron James","Kobe Bryant","PO-0054","Toys","Flatbed","Full Load","Chilled","[""City 47, State 17"",""273 Random St""]","[""City 63, State 96"",""1249 Random Blvd""]","1","1","1","0","1","USD","1025.54","[{""name"":""Fuel Surcharge"",""amount"":63.7790875746734}]","[{""name"":""Holiday Discount"",""amount"":65.18407650954305}]","90.00","60.00","80.00","55.00","870.66","Deliver ASAP.",NULL,NULL
"60","Customer 55","CR0055","Branch 4","Michael Jordan","Stephen Curry","Shaquille O'Neal","PO-0055","Groceries","Flatbed","Full Load","Chilled","[""City 30, State 34"",""366 Random St""]","[""City 94, State 72"",""1338 Random Blvd""]","1","0","0","1","0","USD","1969.49","[{""name"":""Fuel Surcharge"",""amount"":94.54282408765657}]","[{""name"":""Holiday Discount"",""amount"":119.7046068946816}]","90.00","60.00","80.00","55.00","1808.72","Handle with care.",NULL,NULL
"61","Customer 56","CR0056","Branch 4","Scottie Pippen","Kevin Durant","Kobe Bryant","PO-0056","Groceries","Refrigerated Truck","Full Load","Ambient","[""City 10, State 45"",""670 Random St""]","[""City 70, State 89"",""1225 Random Blvd""]","0","0","0","1","1","USD","4245.12","[{""name"":""Fuel Surcharge"",""amount"":37.87312632429404}]","[{""name"":""Holiday Discount"",""amount"":59.23847879653139}]","90.00","60.00","80.00","55.00","4187.06","Handle with care.",NULL,NULL
"62","Customer 57","CR0057","Branch 1","Michael Jordan","Stephen Curry","Tim Duncan","PO-0057","Toys","Flatbed","Full Load","Frozen","[""City 50, State 12"",""384 Random St""]","[""City 67, State 64"",""1182 Random Blvd""]","0","0","1","0","1","USD","2400.63","[{""name"":""Fuel Surcharge"",""amount"":34.07608223966548}]","[{""name"":""Holiday Discount"",""amount"":131.42489493250994}]","90.00","60.00","80.00","55.00","2337.15","Handle with care.",NULL,NULL
"63","Customer 58","CR0058","Branch 10","Michael Jordan","Stephen Curry","Shaquille O'Neal","PO-0058","Furniture","Box Truck","Full Load","Chilled","[""City 45, State 9"",""480 Random St""]","[""City 60, State 77"",""1362 Random Blvd""]","0","1","0","1","0","USD","4841.17","[{""name"":""Fuel Surcharge"",""amount"":90.47222972494691}]","[{""name"":""Holiday Discount"",""amount"":72.12072120451398}]","90.00","60.00","80.00","55.00","4779.74","Fragile items.",NULL,NULL
"64","Customer 59","CR0059","Branch 10","Scottie Pippen","Kevin Durant","Tim Duncan","PO-0059","Furniture","Box Truck","Full Load","Ambient","[""City 9, State 40"",""381 Random St""]","[""City 80, State 81"",""1305 Random Blvd""]","1","0","1","1","1","USD","1412.00","[{""name"":""Fuel Surcharge"",""amount"":68.37674156803659}]","[{""name"":""Holiday Discount"",""amount"":147.55749849360964}]","90.00","60.00","80.00","55.00","1350.63","Fragile items.",NULL,NULL
"65","Customer 60","CR0060","Branch 10","Dennis Rodman","LeBron James","Shaquille O'Neal","PO-0060","Groceries","Refrigerated Truck","Partial Load","Chilled","[""City 22, State 20"",""812 Random St""]","[""City 93, State 77"",""1980 Random Blvd""]","0","1","0","0","0","USD","1717.23","[{""name"":""Fuel Surcharge"",""amount"":50.837571112897066}]","[{""name"":""Holiday Discount"",""amount"":144.38317375211858}]","90.00","60.00","80.00","55.00","1637.13","Handle with care.",NULL,NULL
"66","Customer 61","CR0061","Branch 2","Michael Jordan","LeBron James","Shaquille O'Neal","PO-0061","Groceries","Refrigerated Truck","Full Load","Chilled","[""City 29, State 27"",""797 Random St""]","[""City 75, State 52"",""1596 Random Blvd""]","0","0","0","1","0","USD","4531.53","[{""name"":""Fuel Surcharge"",""amount"":51.28591572541587}]","[{""name"":""Holiday Discount"",""amount"":50.41314982705217}]","90.00","60.00","80.00","55.00","4432.08","Fragile items.",NULL,NULL
"67","Customer 62","CR0062","Branch 4","Dennis Rodman","Kevin Durant","Tim Duncan","PO-0062","Groceries","Refrigerated Truck","Full Load","Ambient","[""City 48, State 5"",""375 Random St""]","[""City 90, State 81"",""1568 Random Blvd""]","1","0","1","0","0","USD","4090.65","[{""name"":""Fuel Surcharge"",""amount"":48.494927146973524}]","[{""name"":""Holiday Discount"",""amount"":57.66573755254268}]","90.00","60.00","80.00","55.00","4013.46","Deliver ASAP.",NULL,NULL
"68","Customer 63","CR0063","Branch 2","Michael Jordan","Kevin Durant","Kobe Bryant","PO-0063","Toys","Flatbed","Full Load","Ambient","[""City 41, State 23"",""856 Random St""]","[""City 64, State 93"",""1942 Random Blvd""]","1","1","1","1","0","USD","2438.25","[{""name"":""Fuel Surcharge"",""amount"":39.61360106443937}]","[{""name"":""Holiday Discount"",""amount"":145.23538255643624}]","90.00","60.00","80.00","55.00","2326.86","Deliver ASAP.",NULL,NULL
"69","Customer 64","CR0064","Branch 8","Scottie Pippen","LeBron James","Kobe Bryant","PO-0064","Toys","Box Truck","Full Load","Frozen","[""City 10, State 47"",""541 Random St""]","[""City 92, State 86"",""1912 Random Blvd""]","1","0","1","1","1","USD","4590.24","[{""name"":""Fuel Surcharge"",""amount"":41.40193166175301}]","[{""name"":""Holiday Discount"",""amount"":67.94229613804099}]","90.00","60.00","80.00","55.00","4398.46","Fragile items.",NULL,NULL
"70","Customer 65","CR0065","Branch 2","Dennis Rodman","LeBron James","Kobe Bryant","PO-0065","Toys","Box Truck","Partial Load","Frozen","[""City 27, State 26"",""278 Random St""]","[""City 68, State 68"",""1821 Random Blvd""]","0","1","1","0","1","USD","1792.49","[{""name"":""Fuel Surcharge"",""amount"":40.22511315407396}]","[{""name"":""Holiday Discount"",""amount"":137.8060730199064}]","90.00","60.00","80.00","55.00","1690.28","Fragile items.",NULL,NULL
"71","Customer 66","CR0066","Branch 5","Scottie Pippen","LeBron James","Tim Duncan","PO-0066","Toys","Refrigerated Truck","Partial Load","Frozen","[""City 12, State 15"",""201 Random St""]","[""City 87, State 91"",""1376 Random Blvd""]","0","1","1","0","1","USD","1186.73","[{""name"":""Fuel Surcharge"",""amount"":94.28178521555981}]","[{""name"":""Holiday Discount"",""amount"":123.81146422650912}]","90.00","60.00","80.00","55.00","992.00","Fragile items.",NULL,NULL
"72","Customer 67","CR0067","Branch 1","Dennis Rodman","Stephen Curry","Tim Duncan","PO-0067","Furniture","Flatbed","Partial Load","Chilled","[""City 2, State 6"",""950 Random St""]","[""City 78, State 52"",""1308 Random Blvd""]","1","1","1","0","1","USD","2772.44","[{""name"":""Fuel Surcharge"",""amount"":53.65483018061451}]","[{""name"":""Holiday Discount"",""amount"":82.09840142216163}]","90.00","60.00","80.00","55.00","2689.87","Deliver ASAP.",NULL,NULL
"73","Customer 68","CR0068","Branch 1","Dennis Rodman","Stephen Curry","Tim Duncan","PO-0068","Groceries","Box Truck","Partial Load","Chilled","[""City 23, State 8"",""438 Random St""]","[""City 93, State 60"",""1431 Random Blvd""]","0","0","0","1","0","USD","4664.29","[{""name"":""Fuel Surcharge"",""amount"":64.37921514306076}]","[{""name"":""Holiday Discount"",""amount"":122.31599931848159}]","90.00","60.00","80.00","55.00","4492.94","Fragile items.",NULL,NULL
"74","Customer 69","CR0069","Branch 8","Scottie Pippen","Kevin Durant","Shaquille O'Neal","PO-0069","Groceries","Flatbed","Partial Load","Frozen","[""City 50, State 43"",""428 Random St""]","[""City 86, State 85"",""1605 Random Blvd""]","0","1","1","0","1","USD","1955.45","[{""name"":""Fuel Surcharge"",""amount"":51.20096914251992}]","[{""name"":""Holiday Discount"",""amount"":108.28721277684662}]","90.00","60.00","80.00","55.00","1805.69","Fragile items.",NULL,NULL
"75","Customer 70","CR0070","Branch 9","Scottie Pippen","LeBron James","Shaquille O'Neal","PO-0070","Furniture","Box Truck","Partial Load","Chilled","[""City 16, State 38"",""487 Random St""]","[""City 75, State 52"",""1391 Random Blvd""]","0","0","0","0","0","USD","1741.47","[{""name"":""Fuel Surcharge"",""amount"":84.72765269171782}]","[{""name"":""Holiday Discount"",""amount"":138.48130103597316}]","90.00","60.00","80.00","55.00","1557.16","Deliver ASAP.",NULL,NULL
"76","Customer 71","CR0071","Branch 10","Scottie Pippen","Stephen Curry","Kobe Bryant","PO-0071","Toys","Box Truck","Full Load","Chilled","[""City 3, State 18"",""357 Random St""]","[""City 96, State 88"",""1557 Random Blvd""]","0","0","1","0","0","USD","3103.21","[{""name"":""Fuel Surcharge"",""amount"":48.7165976778669}]","[{""name"":""Holiday Discount"",""amount"":56.88996475460952}]","90.00","60.00","80.00","55.00","2908.79","Deliver ASAP.",NULL,NULL
"77","Customer 72","CR0072","Branch 3","Michael Jordan","LeBron James","Shaquille O'Neal","PO-0072","Groceries","Box Truck","Partial Load","Chilled","[""City 41, State 22"",""777 Random St""]","[""City 66, State 78"",""1952 Random Blvd""]","1","1","1","0","0","USD","4822.31","[{""name"":""Fuel Surcharge"",""amount"":39.15211889793882}]","[{""name"":""Holiday Discount"",""amount"":140.9033401100836}]","90.00","60.00","80.00","55.00","4754.62","Fragile items.",NULL,NULL
"78","Customer 73","CR0073","Branch 2","Michael Jordan","Kevin Durant","Tim Duncan","PO-0073","Groceries","Box Truck","Full Load","Chilled","[""City 6, State 46"",""953 Random St""]","[""City 77, State 84"",""1845 Random Blvd""]","0","1","0","0","0","USD","3934.08","[{""name"":""Fuel Surcharge"",""amount"":95.76119510103372}]","[{""name"":""Holiday Discount"",""amount"":109.6676215002766}]","90.00","60.00","80.00","55.00","3750.40","Handle with care.",NULL,NULL
"79","Customer 74","CR0074","Branch 5","Michael Jordan","LeBron James","Tim Duncan","PO-0074","Toys","Box Truck","Partial Load","Frozen","[""City 28, State 43"",""226 Random St""]","[""City 97, State 60"",""1406 Random Blvd""]","0","0","1","0","1","USD","3726.38","[{""name"":""Fuel Surcharge"",""amount"":98.37215338493068}]","[{""name"":""Holiday Discount"",""amount"":101.43173716738275}]","90.00","60.00","80.00","55.00","3621.23","Deliver ASAP.",NULL,NULL
"80","Customer 75","CR0075","Branch 1","Scottie Pippen","LeBron James","Shaquille O'Neal","PO-0075","Electronics","Box Truck","Partial Load","Frozen","[""City 26, State 42"",""534 Random St""]","[""City 91, State 92"",""1928 Random Blvd""]","1","0","0","0","1","USD","1813.33","[{""name"":""Fuel Surcharge"",""amount"":61.65658065961696}]","[{""name"":""Holiday Discount"",""amount"":100.7633320872059}]","90.00","60.00","80.00","55.00","1757.26","Fragile items.",NULL,NULL
"81","Customer 76","CR0076","Branch 6","Dennis Rodman","Kevin Durant","Tim Duncan","PO-0076","Electronics","Box Truck","Partial Load","Chilled","[""City 20, State 7"",""737 Random St""]","[""City 54, State 71"",""1870 Random Blvd""]","1","1","1","0","0","USD","4013.32","[{""name"":""Fuel Surcharge"",""amount"":97.82891543260098}]","[{""name"":""Holiday Discount"",""amount"":52.48679467685101}]","90.00","60.00","80.00","55.00","3942.45","Fragile items.",NULL,NULL
"82","Customer 77","CR0077","Branch 7","Scottie Pippen","Kevin Durant","Shaquille O'Neal","PO-0077","Electronics","Flatbed","Full Load","Ambient","[""City 40, State 23"",""680 Random St""]","[""City 86, State 97"",""1686 Random Blvd""]","1","0","0","1","1","USD","4750.34","[{""name"":""Fuel Surcharge"",""amount"":32.560672985476884}]","[{""name"":""Holiday Discount"",""amount"":64.9628919057575}]","90.00","60.00","80.00","55.00","4616.10","Handle with care.",NULL,NULL
"83","Customer 78","CR0078","Branch 7","Dennis Rodman","Stephen Curry","Shaquille O'Neal","PO-0078","Groceries","Flatbed","Full Load","Frozen","[""City 40, State 26"",""260 Random St""]","[""City 77, State 54"",""1589 Random Blvd""]","1","1","1","0","0","USD","3359.80","[{""name"":""Fuel Surcharge"",""amount"":50.49012434460448}]","[{""name"":""Holiday Discount"",""amount"":116.17455480979301}]","90.00","60.00","80.00","55.00","3233.77","Deliver ASAP.",NULL,NULL
"84","Customer 79","CR0079","Branch 7","Dennis Rodman","Stephen Curry","Kobe Bryant","PO-0079","Groceries","Flatbed","Partial Load","Chilled","[""City 48, State 45"",""711 Random St""]","[""City 56, State 71"",""1230 Random Blvd""]","1","0","1","0","0","USD","2103.21","[{""name"":""Fuel Surcharge"",""amount"":58.96943009401674}]","[{""name"":""Holiday Discount"",""amount"":149.86563948218267}]","90.00","60.00","80.00","55.00","1995.38","Deliver ASAP.",NULL,NULL
"85","Customer 80","CR0080","Branch 3","Scottie Pippen","LeBron James","Shaquille O'Neal","PO-0080","Groceries","Refrigerated Truck","Full Load","Ambient","[""City 34, State 21"",""404 Random St""]","[""City 98, State 86"",""1635 Random Blvd""]","0","0","0","1","0","USD","4713.18","[{""name"":""Fuel Surcharge"",""amount"":33.367449368517356}]","[{""name"":""Holiday Discount"",""amount"":83.46629149479142}]","90.00","60.00","80.00","55.00","4606.01","Fragile items.",NULL,NULL
"86","Customer 81","CR0081","Branch 2","Dennis Rodman","Stephen Curry","Shaquille O'Neal","PO-0081","Furniture","Flatbed","Partial Load","Frozen","[""City 44, State 15"",""664 Random St""]","[""City 80, State 68"",""1547 Random Blvd""]","0","1","0","0","1","USD","3392.30","[{""name"":""Fuel Surcharge"",""amount"":57.971235300181405}]","[{""name"":""Holiday Discount"",""amount"":118.18069478989402}]","90.00","60.00","80.00","55.00","3289.93","Deliver ASAP.",NULL,NULL
"87","Customer 82","CR0082","Branch 6","Dennis Rodman","LeBron James","Shaquille O'Neal","PO-0082","Electronics","Flatbed","Partial Load","Ambient","[""City 32, State 13"",""633 Random St""]","[""City 63, State 58"",""1717 Random Blvd""]","0","1","1","0","1","USD","1651.96","[{""name"":""Fuel Surcharge"",""amount"":91.53456279040529}]","[{""name"":""Holiday Discount"",""amount"":70.27183290924161}]","90.00","60.00","80.00","55.00","1548.26","Deliver ASAP.",NULL,NULL
"88","Customer 83","CR0083","Branch 4","Dennis Rodman","Kevin Durant","Kobe Bryant","PO-0083","Groceries","Refrigerated Truck","Full Load","Chilled","[""City 38, State 26"",""325 Random St""]","[""City 70, State 94"",""1050 Random Blvd""]","0","1","1","1","1","USD","1679.96","[{""name"":""Fuel Surcharge"",""amount"":76.79855476315174}]","[{""name"":""Holiday Discount"",""amount"":101.39974558254416}]","90.00","60.00","80.00","55.00","1606.90","Fragile items.",NULL,NULL
"89","Customer 84","CR0084","Branch 2","Dennis Rodman","LeBron James","Tim Duncan","PO-0084","Groceries","Flatbed","Partial Load","Ambient","[""City 33, State 50"",""978 Random St""]","[""City 79, State 68"",""1500 Random Blvd""]","1","0","0","0","1","USD","2852.69","[{""name"":""Fuel Surcharge"",""amount"":66.56816367339965}]","[{""name"":""Holiday Discount"",""amount"":63.22943422956223}]","90.00","60.00","80.00","55.00","2663.77","Fragile items.",NULL,NULL
"90","Customer 85","CR0085","Branch 8","Scottie Pippen","Kevin Durant","Shaquille O'Neal","PO-0085","Groceries","Flatbed","Full Load","Frozen","[""City 17, State 15"",""303 Random St""]","[""City 51, State 98"",""1844 Random Blvd""]","0","0","1","0","1","USD","3380.08","[{""name"":""Fuel Surcharge"",""amount"":50.27183084724571}]","[{""name"":""Holiday Discount"",""amount"":111.34372271329995}]","90.00","60.00","80.00","55.00","3189.15","Fragile items.",NULL,NULL
"91","Customer 86","CR0086","Branch 7","Scottie Pippen","Stephen Curry","Tim Duncan","PO-0086","Furniture","Refrigerated Truck","Partial Load","Ambient","[""City 34, State 35"",""757 Random St""]","[""City 89, State 82"",""1037 Random Blvd""]","1","1","1","1","1","USD","2114.02","[{""name"":""Fuel Surcharge"",""amount"":97.05411837907081}]","[{""name"":""Holiday Discount"",""amount"":87.42719189486368}]","90.00","60.00","80.00","55.00","2043.02","Fragile items.",NULL,NULL
"92","Customer 87","CR0087","Branch 9","Michael Jordan","Kevin Durant","Shaquille O'Neal","PO-0087","Electronics","Box Truck","Full Load","Chilled","[""City 1, State 47"",""459 Random St""]","[""City 60, State 58"",""1260 Random Blvd""]","0","1","0","0","1","USD","1602.12","[{""name"":""Fuel Surcharge"",""amount"":94.96054773806084}]","[{""name"":""Holiday Discount"",""amount"":132.9830152493123}]","90.00","60.00","80.00","55.00","1476.82","Fragile items.",NULL,NULL
"93","Customer 88","CR0088","Branch 9","Dennis Rodman","LeBron James","Tim Duncan","PO-0088","Toys","Refrigerated Truck","Partial Load","Ambient","[""City 10, State 5"",""965 Random St""]","[""City 91, State 65"",""1202 Random Blvd""]","1","0","1","1","0","USD","3949.00","[{""name"":""Fuel Surcharge"",""amount"":87.489074174591}]","[{""name"":""Holiday Discount"",""amount"":140.0573307944037}]","90.00","60.00","80.00","55.00","3814.03","Handle with care.",NULL,NULL
"94","Customer 89","CR0089","Branch 10","Scottie Pippen","Stephen Curry","Tim Duncan","PO-0089","Toys","Box Truck","Full Load","Chilled","[""City 43, State 38"",""894 Random St""]","[""City 95, State 65"",""1755 Random Blvd""]","1","0","1","0","0","USD","4353.66","[{""name"":""Fuel Surcharge"",""amount"":73.55635211749977}]","[{""name"":""Holiday Discount"",""amount"":86.77820576938268}]","90.00","60.00","80.00","55.00","4262.06","Deliver ASAP.",NULL,NULL
"95","Customer 90","CR0090","Branch 9","Michael Jordan","LeBron James","Kobe Bryant","PO-0090","Toys","Flatbed","Full Load","Frozen","[""City 34, State 35"",""268 Random St""]","[""City 90, State 88"",""1788 Random Blvd""]","0","1","1","0","0","USD","3631.87","[{""name"":""Fuel Surcharge"",""amount"":31.99266736149628}]","[{""name"":""Holiday Discount"",""amount"":72.33614259943162}]","90.00","60.00","80.00","55.00","3494.93","Fragile items.",NULL,NULL
"96","Customer 91","CR0091","Branch 9","Scottie Pippen","Kevin Durant","Kobe Bryant","PO-0091","Electronics","Box Truck","Full Load","Ambient","[""City 8, State 46"",""311 Random St""]","[""City 94, State 93"",""1993 Random Blvd""]","1","1","0","1","1","USD","3111.32","[{""name"":""Fuel Surcharge"",""amount"":33.02593359299405}]","[{""name"":""Holiday Discount"",""amount"":144.02136044433263}]","90.00","60.00","80.00","55.00","2916.17","Handle with care.",NULL,NULL
"97","Customer 92","CR0092","Branch 2","Dennis Rodman","Stephen Curry","Tim Duncan","PO-0092","Electronics","Flatbed","Partial Load","Ambient","[""City 26, State 16"",""248 Random St""]","[""City 78, State 90"",""1227 Random Blvd""]","0","0","0","1","1","USD","4573.16","[{""name"":""Fuel Surcharge"",""amount"":60.83672379744874}]","[{""name"":""Holiday Discount"",""amount"":146.98476465063254}]","90.00","60.00","80.00","55.00","4408.50","Fragile items.",NULL,NULL
"98","Customer 93","CR0093","Branch 9","Scottie Pippen","LeBron James","Shaquille O'Neal","PO-0093","Groceries","Box Truck","Partial Load","Ambient","[""City 36, State 9"",""220 Random St""]","[""City 75, State 67"",""1444 Random Blvd""]","1","1","0","0","0","USD","4262.33","[{""name"":""Fuel Surcharge"",""amount"":59.43927002711853}]","[{""name"":""Holiday Discount"",""amount"":92.64494097899758}]","90.00","60.00","80.00","55.00","4150.46","Handle with care.",NULL,NULL
"99","Customer 94","CR0094","Branch 6","Dennis Rodman","LeBron James","Tim Duncan","PO-0094","Toys","Box Truck","Full Load","Frozen","[""City 50, State 45"",""143 Random St""]","[""City 64, State 59"",""1093 Random Blvd""]","0","1","1","1","1","USD","3976.68","[{""name"":""Fuel Surcharge"",""amount"":67.82902101055313}]","[{""name"":""Holiday Discount"",""amount"":133.8383954016836}]","90.00","60.00","80.00","55.00","3839.26","Fragile items.",NULL,NULL
"100","Customer 95","CR0095","Branch 10","Michael Jordan","Kevin Durant","Kobe Bryant","PO-0095","Groceries","Flatbed","Partial Load","Chilled","[""City 38, State 31"",""170 Random St""]","[""City 78, State 86"",""1446 Random Blvd""]","0","0","0","0","1","USD","1976.94","[{""name"":""Fuel Surcharge"",""amount"":65.3952546735139}]","[{""name"":""Holiday Discount"",""amount"":88.35408683234144}]","90.00","60.00","80.00","55.00","1832.33","Fragile items.",NULL,NULL
"101","Customer 96","CR0096","Branch 1","Michael Jordan","Kevin Durant","Kobe Bryant","PO-0096","Electronics","Flatbed","Partial Load","Frozen","[""City 44, State 45"",""409 Random St""]","[""City 85, State 76"",""1444 Random Blvd""]","1","1","0","1","1","USD","1570.05","[{""name"":""Fuel Surcharge"",""amount"":39.461481688200166}]","[{""name"":""Holiday Discount"",""amount"":127.3471915269436}]","90.00","60.00","80.00","55.00","1498.41","Handle with care.",NULL,NULL
"102","Customer 97","CR0097","Branch 7","Dennis Rodman","LeBron James","Kobe Bryant","PO-0097","Electronics","Flatbed","Partial Load","Frozen","[""City 39, State 21"",""235 Random St""]","[""City 93, State 70"",""1319 Random Blvd""]","0","1","0","0","0","USD","2588.33","[{""name"":""Fuel Surcharge"",""amount"":52.99557304364366}]","[{""name"":""Holiday Discount"",""amount"":69.09820047601622}]","90.00","60.00","80.00","55.00","2452.44","Deliver ASAP.",NULL,NULL
"103","Customer 98","CR0098","Branch 1","Scottie Pippen","LeBron James","Shaquille O'Neal","PO-0098","Toys","Refrigerated Truck","Full Load","Frozen","[""City 19, State 20"",""173 Random St""]","[""City 75, State 74"",""1892 Random Blvd""]","1","0","1","1","0","USD","4506.96","[{""name"":""Fuel Surcharge"",""amount"":37.01576736454942}]","[{""name"":""Holiday Discount"",""amount"":136.81878642038086}]","90.00","60.00","80.00","55.00","4370.26","Handle with care.",NULL,NULL
"104","Customer 99","CR0099","Branch 9","Dennis Rodman","LeBron James","Kobe Bryant","PO-0099","Toys","Flatbed","Partial Load","Ambient","[""City 2, State 23"",""983 Random St""]","[""City 58, State 51"",""1726 Random Blvd""]","0","1","0","0","1","USD","3218.16","[{""name"":""Fuel Surcharge"",""amount"":44.376967577231774}]","[{""name"":""Holiday Discount"",""amount"":61.93443335733153}]","90.00","60.00","80.00","55.00","3043.63","Fragile items.",NULL,NULL
"105","Customer 100","CR0100","Branch 10","Dennis Rodman","Kevin Durant","Tim Duncan","PO-0100","Toys","Refrigerated Truck","Partial Load","Chilled","[""City 11, State 16"",""677 Random St""]","[""City 74, State 59"",""1788 Random Blvd""]","0","1","0","0","1","USD","1446.04","[{""name"":""Fuel Surcharge"",""amount"":40.55447486460987}]","[{""name"":""Holiday Discount"",""amount"":100.10605792253662}]","90.00","60.00","80.00","55.00","1299.04","Fragile items.",NULL,NULL
